﻿Designator,Footprint,Quantity,Value,LCSC Part #
"C1, C4",CP_Elec_10x12.5,2,470uF 50V,
"C10, C11, C8",0603,3,10uF,
"C12, C7, C9",0603,3,0.1uF,C14663
"C2, C3, C5",0603,3,0.1uF 50V,C14663
C6,0603,1,0.1uF,
D1,D_SOD-323,1,10V,
"D2, D5, D6, D7",D_SOD-323,4,ESD12VD3B-TP,C571388
E1,SMC_L6.9-W5.9-LS8.0-RD,1,SK54C,C5449119
F2,1812,1,6A trip,
H1,PinSocket_1x04_P2.54mm_Vertical,1,GPS 4 pin 2.54-1*4P,
"H10, H8, H9",HDR-TH_8P-P2.54-H-M-R2-C4-S2.54,3,PZ254R-12-8P,C492432
"J1, J2, J3, J4",CONN-TH_4P-P2.54_DIBO_DB141V-2.54-4P,4,DB141V-2.54-4P,
L1,L_Chilisin_BMRG00131360,1,5A 47uH,
"LED1, LED10, LED11, LED12, LED13, LED14, LED15, LED16, LED17, LED18, LED19, LED2, LED20, LED21, LED22, LED23, LED24, LED25, LED26, LED27, LED28, LED29, LED3, LED30, LED31, LED32, LED33, LED34, LED35, LED36, LED37, LED38, LED39, LED4, LED40, LED41, LED42, LED43, LED44, LED45, LED46, LED47, LED48, LED5, LED6, LED7, LED8, LED9",LED-SMD_3P-L5.7-W3.0-RD,48,XL-5730UWC-05,C2843887
"Q1, Q8",U-DFN2020-6_L2.0-W2.0-P0.65-BL,2,JMTV210P02A,
Q2,SOT-23,1,AO3400A,
"Q3, Q4, Q5, Q6, Q7, Q9",U-DFN2020-6_L2.0-W2.0-P0.65-BL,6,YJQ10N2A,
"R1, R11, R19, R2, R21, R27, R29, R30, R31, R9",0603,10,10K,C2930027
"R10, R12, R13, R14, R15, R16, R17, R18, R20, R22, R23, R24, R25, R26, R7, R8",1210,16,18R,
R3,0603,1,3.3K,C2930027
R4,2512,1,0.1R/1%,C23067426
"R5, R6",0603,2,4.7K,C2930027
U10,SW-SMD_SMXS-08K-TP,1,Days,C5439767
U11,SW-SMD_SMXS-08K-TP,1,Hours3,C5439767
U12,SW-SMD_SMXS-08K-TP,1,MODE,C5439767
U13,SW-SMD_SMXS-08K-TP,1,Hours1,C5439767
U14,SW-SMD_SMXS-08K-TP,1,Hours2,C5439767
U15,TSSOP-24_4.4x7.8mm_P0.65mm,1,PCA9535PW,
"U16, U9",TSSOP-24_4.4x7.8mm_P0.65mm,2,PCA9535PW,
U2,TO-263-5_TabPin3,1,XL4015E1,
U3,SOT-23-8,1,INA219BIDCNT,C87469
U5,EPAPER_PinHeader_2x20_P2.54mm_Vertical,1,RASPBERRY_PI_5,
U7,HDR-TH_40P-P2.54-H-F-R2-C20-W8.5,1,Female Inv Socket Pi 2.54-2*20,C2897440
U8,PinSocket_1x05_P2.54mm_Vertical,1,GPs 5 pin PM2.54-1*5,
