﻿Designator,Footprint,Quantity,Value,LCSC Part #
"C1, C10, C11, C17, C18, C19, C20, C21, C8",0603,9,10uF,
"C12, C13, C4, C7, C9",0603,5,0.1uF,
"C14, C16",CAP-TH_BD16.0-P7.50-D1.2-FD,2,1000uF 50V,
"C15, C6",0603,2,0.1uF,
"C2, C3, C5",0603,3,0.1uF 50V,
"D1, D2, D4",D_SOD-323,3,18V,
D3,0603,1,Green,C72043
E1,SMC_L6.9-W5.9-LS8.0-RD,1,SK54C,
F2,2920,1,7A trip,
H1,PinSocket_1x04_P2.54mm_Vertical,1,GPS 4 pin 2.54-1*4P,
"H10, H8, H9",HDR-TH_8P-P2.54-H-M-R2-C4-S2.54,3,PZ254R-12-8P,
"J1, J2, J3, J4",CONN-TH_4P-P2.54_DIBO_DB141V-2.54-4P,4,DB141V-2.54-4P,
J5,CONN-SMD_3P-P1.25_DF13C-3P-1.25V,1,Conn_1.25mm,C88352
L1,L_Chilisin_BMRG00131360,1,5A 47uH,
"LED1, LED10, LED11, LED12, LED13, LED14, LED15, LED16, LED17, LED18, LED19, LED2, LED20, LED21, LED22, LED23, LED24, LED25, LED26, LED27, LED28, LED29, LED3, LED30, LED31, LED32, LED33, LED34, LED35, LED36, LED37, LED38, LED39, LED4, LED40, LED41, LED42, LED43, LED44, LED45, LED46, LED47, LED48, LED49, LED5, LED50, LED51, LED52, LED53, LED54, LED6, LED7, LED8, LED9",LED-SMD_3P-L5.7-W3.0-RD,54,XL-5730UWC-05,
"Q1, Q10, Q13, Q8",PDFN3333-8_L3.1-W3.2-P0.65-LS3.4-BL,4,AP30P30Q,C471913
Q2,SOT-23,1,AO3400A,
"Q3, Q4, Q5, Q6, Q7, Q9",U-DFN2020-6_L2.0-W2.0-P0.65-BL,6,YJQ10N2A,
"R1, R11, R19, R2, R21, R27, R31, R35, R36, R9",0603,10,10K,
"R10, R12, R13, R14, R15, R16, R17, R18, R20, R22, R23, R24, R25, R26, R28, R37, R7, R8",1210,18,18R,
"R29, R30, R33, R39, R5, R6",0603,6,4.7K,
"R3, R34",0603,2,3.0K,
R32,0603,1,0R,
"R38, R41, R42",0603,3,100K,
R4,2512,1,0.033R/1%,
SW2,KEY-SMD_4P-L6.0-W6.0-P4.50-LS10.0-TL,1,KH-6X6X5H-STM,C592734
U10,SW-SMD_SMXS-08K-TP,1,Days,
U11,SW-SMD_SMXS-08K-TP,1,Hours3,
U12,SW-SMD_SMXS-08K-TP,1,MODE,
U13,SW-SMD_SMXS-08K-TP,1,Hours1,
U14,SW-SMD_SMXS-08K-TP,1,Hours2,
"U15, U16, U9",TSSOP-24_4.4x7.8mm_P0.65mm,3,PCA9555PW,
U17,MSOP-8_L3.0-W3.0-P0.65-LS4.9-BL,1,DS18B20U,C695836
U18,Lite-On_LTR-303ALS-01,1,LTR-303ALS-01,
U2,TO-263-5_TabPin3,1,XL4015E1,
U3,SOT-23-8,1,INA219BIDCNT,
U5,EPAPER_PinHeader_2x20_P2.54mm_Vertical,1,RASPBERRY_PI_5,
U7,HDR-TH_40P-P2.54-H-F-R2-C20-W8.5,1,Female Inv Socket Pi 2.54-2*20,
U8,PinSocket_1x05_P2.54mm_Vertical,1,GPs 5 pin PM2.54-1*5,
